Issue key,Summary,Description,Status,Priority,Issue Type,Created,Updated,Assignee,Labels,Components
GNOC-9822,HC: SC - ZenPark SMS Increase for 2 SIM (NSI),"Since 20251013 03:20 UTC, GNOC observed a increase of SMS for single customer Zenpark. Upon investigating into Kibana, GNOC was able to isolate out the two SIM that were generating the SMS traffic. GNOC checked Viavi with the isolated SIM and discovered that these are not Spam messages. Hence, GNOC will keep an eye on this increase. Start time: 20251013 03:20 UTC End time: Duration: Impacted customers: Zenpark Impacted VPLMNs: Orange France, Bouygues Telecom Affected services: Sigtran Affected Roaming Partner: BICS Device Type: Advanced Sample ICCID: 8933240100001116926, 8933240100001008480",Work in progress,P4-Low,Incident,2025-10-13T05:26:24.513+0000,2025-10-13T05:43:12.312+0000,Steven Lee,"MVNO, Zenpark",MVNO Voice
GNOC-9820,"SHIFT REPORT: Steven Lee - Oct 12, 2025",Using the SHIFT REPORT ticket to record: a. Health Checks b. “Benign/Brief Spike” investion information c. Time spent working on projects/other activities,Work in progress,P5-Lowest,Incident,2025-10-13T00:57:52.809+0000,2025-10-13T05:19:32.450+0000,Steven Lee,,
GNOC-9788,All External emails blocked to GlobalNOC mail ID and GNOC members (NSI),"All external emails blocked to GlobaNoc and it's members Incident Summary Issue: Email delivery failures to globalnoc@semtech.com mailbox and its members due to Mimecast email filtering system. Root Cause: Emails were being held/blocked by Mimecast's new email filtering system. External and internal senders are currently being screened as part of postimplementation review. No senders are whitelisted at this time while the email security team reviews and organizes the new filtering system. Current Status: GNOC Leadership will be joining a joint call today, 20251009, with the Semtech Global IT team admins to persue a permanent resolution. Our current (individual) workaround, is a manual release of held emails after logging into Mimecast, https://login.mimecast.com/m/portal/login/#/login The team received only one general notification email from Mimecast last month , informing them about the new email filtering system implementation and asking them to review the Mimecast portal. However, this was merely a broad announcement about the system rollout rather than specific alerts about blocked emails. Impact: Multiple emails were held in quarantine and not delivered to recipients Priority customer service emails were delayed, affecting realtime response capabilities No notification emails were received by affected users when messages were held Resolution Steps Taken: All held emails were manually released by the Email Admin team Emails were released specifically for globalnoc@semtech.com shared mailbox and its members Users were informed about the Mimecast portal ( https://loginusb.mimecast.com/ ) where they can review and release held/blocked/rejected emails independently Current Status: Emails have been released (temporary fix) Permanent whitelisting is not possible at this time due to ongoing review of the Mimecast system Postimplementation work is being handled by the Email Admin team 1 0/10–Asim and Arabinda have provide a plenary listing of external domains that Semt",Work in progress,P4-Low,Incident,2025-10-09T10:05:22.038+0000,2025-10-13T04:32:31.293+0000,yjadhav,EMAIL_ISSUES,
GNOC-9762,Alert: COFI-3629 Customer Presence Verte Data session issue following 4G-3G handover Over Orange 901 (CSI),"We have opened this ticket to track GNOC’s efforts with Orange to resolve this issue. GNOC called Orange 901 at 16:30 UTC on October 7, 2025, and spoke with Amine. We requested an immediate escalation to the duty manager and asked that the manager join the bridge, but Orange stated that it was not possible. GNOC management has instructed the manager to contact them within the next 15–30 minutes. Orange Ticket: S510083629 COFI link : https://issues.sierrawireless.com/projects/COFI/issues/COFI3629?filter=allopenissues Although we couldn’t get anyone from Orange to join the bridge today, Joelle, Orange901 management will be contacting Seb (EMEA management) tomorrow morning 10/8. Most recent update for Orange ticket S510083629 Ramzi Azaiez from Semtech tested with a local device…performed a ping test to his device, using Orange IMSI on Orange France and then when made MT to device, device fell back to 3G, current data session was disrupted. (901311532905702) 10 seconds later, a new data session was started up. 4G 901311532907233 …fresh 4G data session; then MT call received; device switched to 3G received modify bearer from Orange post voice call, device stated 3G down Lost Service and then started new 4G data session @ Wed 10/8/2025 16:27 AM UTC, Sebastien advised Orange901 management he reproduced issue in Sweden as well as Orange France. In both cases the data traffic stopped when the device fallback from 4G to 3G after the reception of a voice call. Anas tested Sparkle imsi on Orange France ( CSFA00652929 ) 2G/3G test with internet.mbqt.net was successful 4G test with internet.mbqt.net failed 4G test with internet.swir was successful 4G test with internet.mbqt.net failed 10/10 Asim has scheduled a troubleshooting conf call for 10/13 at 8:00 UTC with Orange901 Management, Sebastien, Ramzi, and other leadership members within Semtech. Original COFI ticket is 3629",Work in progress,P4-Low,Incident,2025-10-07T16:51:42.747+0000,2025-10-13T04:31:27.622+0000,Ed Guigou,,
GNOC-9754,HC: Lost Services Increasing for Orange_901(CSI),"On October 07, 2025, at 07:35 UTC, during a routine health check, GNOC observed a significant increase in lost service. We have investigated the issue and found the following observations: Investigation & Findings: OpenSearch analysis indicated sessions were stopped due to Lost Service towards Orange901 , impacting multiple VPLMNs and customers. Main VPLMNs appearing in Data Insights where the Lost Service radius transactions appeared were: Orange France Telenor Sweden Vodafone Germany Devices were unable to establish new data sessions for a short time, and some ongoing sessions were dropped. The Lost Service error was fluctuating, and the overall session drop remained limited. GNOC raised a JSM ticket and escalated the issue to Orange via the Orange Portal. Filtering at [OFFICIAL] Device Data session MVNO (Radius Based) The following Orange SGW IP addresses cropped up with the bursts of Lost Service at the following timestamps: Main apns showing up during these bursts were: ultrasync.swir inversprivate.mbqt.net 80.10.181.87 – 8:33 UTC 80.10.181.88 – 8:48 UTC 80.10.181.177 – 9:04 UTC 80.10.181.178 – 9:16 UTC 80.10.181.179 – 9:27 UTC 80.10.181.180 – 9:39 UTc 80.10.181.182 – 10:04 UTC 80.10.181.183 – 10:13 UTC 80.10.181.184 – 10:29 UTC Whereas our PGW IP address pulled up as 46.23.241.7 Current Status: Services were fully restored by 10:35 UTC on October 07, 2025 . No further recurrences have been observed Orange Ticket: S510090764 Keynotes: Customers Impacted: Invers GmbH (mostly), Toyota Material Handling, Solustop, Thales SIX GTS France – SAPHIR BAR 2023, Carrier Fire and Security B.V., Synox, ZEPLUG, CARRIER SCS, Wilson Electronics., Solustop,Networth Telecom , ZEPLUG Traffic Procedure: Start / Stop / Interim Update Error: Lost Service Roaming Partner: Orange901 Device Types: Essentials5, Advanced3, Advanced4 VPLMNs: Orange France TMobile USA, Inc Telenor Sverige AB Telia Sverige AB KPN B.V. Sample IMSIs: 8933240100001561443/208243091012657 Regions Impacted: EU an",Completed,P4-Low,Incident,2025-10-07T09:31:11.057+0000,2025-10-13T03:42:28.349+0000,Rajan Yadav,"Lost_Service, orange901",MVNO Telco
GNOC-9821,"SHIFT REPORT: Arabinda Mishra - Oct 13, 2025","SHIFT REPORT: Arabinda Mishra Oct 13, 2025",Work in progress,P5-Lowest,Incident,2025-10-13T03:07:54.001+0000,2025-10-13T03:41:27.557+0000,Arabinda Mishra,,
GNOC-9798,ALERT:  Jersey Telecom LTE Network Degradation (primarily in North America) (CSI),"Jersey Telecom LTE Network Degradation (primarily in North America) | No Customer Reported Cases Decrease Jersey Telecom LTE Network Connectivity JT’s LTE traffic dropped 50% Impact: Essentials 3 customers may have experienced some issues (delays or intermittent failures) establishing LTE Data services and network connectivity primarily in the North America market. Approximately a total of 9.8K LTE Data Sessions were dropped. Most existing Data Sessions were unaffected. Cause: One of JT’s customers experienced failures on their primary IMSI provider causing congestion overloading JT’s IPX links. Velos (JT) ticket# IOT42932 Final Update: Services Restored. Jersey Telecom (JT) had experienced network degradation in LTE Network Service primarily in North America. JT experienced a Device Connectivity Issue due to congestion on one of its partner’s core network. The Incident was raised to a Level 3 Escalation. An official Velos (JT) RCA will be requested. GNOC engaged the partner via the Velos IoT Support team pushing the carrier to address and resolve. At 20251009 15:38 UTC there was a significant drop in Jersey Telecom LTE Network Traffic and Connectivity. At least half of the normal traffic levels are being observed. GNOC engaged the carrier Velos IoT Support (Jersey Telecom) to investigate the possible issue or unexpected network changes on its network. Start Time: 20251009 15:38 UTC End Time: 20251009 22:05 UTC Duration: 6 hours, 27 minutes Impacted Customer(s): Connected Cycle, Premier Wireless Solutions, NextCentury Submetering Systems, LLCCorporate Systems Engineering Connectivity, Premier Wireless Solutions, UHS Pty Ltd (KIDDE Global Solutions) US, Wilson Electronics ICCID(s) sampled: 8933240100000951505, 89332401000012715088 Internal IMSI: 234507089847846, 234500020162124 MSISDN: 14696340119, 337000020205516 Impacted VPLMN: TMobile USA, Inc, AT&T Mobility, Verizon Wireless, Rogers Wireless, and Bouygues Telecom Impacted Roaming Partner: Jersey Telecom Country: ",Completed,P3-Medium,Incident,2025-10-09T16:03:22.282+0000,2025-10-13T03:20:09.766+0000,Rashied Lataillade,"DRA, Jersey",MVNO Voice
GNOC-9816,"SHIFT REPORT: Ed Guigou- Oct 12, 2025","SHIFT REPORT: Ed Guigou Oct 12, 2025",Completed,P5-Lowest,Incident,2025-10-12T13:11:06.442+0000,2025-10-13T03:16:00.724+0000,Ed Guigou,,
GNOC-9817,"SHIFT REPORT: Sema Kimathi - Oct 12, 2025","SHIFT REPORT: Sema Kimathi Oct 12, 2025",Completed,P5-Lowest,Incident,2025-10-12T13:16:22.158+0000,2025-10-13T01:05:27.862+0000,Sema Kimathi,,
GNOC-9813,"SHIFT REPORT: Steven Lee - Oct 11, 2025",Using the SHIFT REPORT ticket to record: a. Health Checks b. “Benign/Brief Spike” investion information c. Time spent working on projects/other activities,Completed,P5-Lowest,Incident,2025-10-11T22:57:34.064+0000,2025-10-13T00:57:54.356+0000,Steven Lee,,
GNOC-9819,Syniverse Maintenance: optimized switch configuration in Chicago access POP switch.,"From: notification@syniverse.com < notification@syniverse.com > Sent: Sunday, October 12, 2025 11:12 AM Subject: [PT2] Syniverse Interim Planned Maintenance (CN:1077145) IPX Caution: This email originated outside of Semtech. Planned Maintenance : CN:1077145 Customer Impact No impact as traffic will switchover to backup link if a disruption occurs. Impacted Products IPX, Notification ID CN:1077145 Planned Maintenance Source Syniverse Service Impact Service Impact: no Notes Syniverse will deploy optimized switch configuration in Chicago access POP switch. Customers may expect a very short and brief traffic disruption, for which is is expected for traffic to switchover to backup links. Timestamp Notification Date/Time (EST): 20250908 13:00 Start Date/Time (EST): 20251028 02:00 End Date/Time (EST): 20251028 06:00 Expected End Date/Time (EST): 20251028 06:00 Expected Duration 4 hrs, 0 mins Please do not respond to this notification. If you have any questions regarding Syniverse notifications, please email Syniverse Customer Support at customersupport@syniverse.com or call 18008922888 toll free for U.S. or +18132337750 globally. The information contained in this message, including any accompanying documents, is Confidential and is intended for the addressee(s) only. If you have received this message in error or there are any problems, please notify the originator immediately. The unauthorized use, disclosure, copying or altering of this message is strictly forbidden.",Awaiting implementation,P3-Medium,Change,2025-10-12T15:23:41.448+0000,2025-10-12T15:23:44.017+0000,Ed Guigou,,
GNOC-9818,BICS Maintenance: IP routing implementation for new nodes,"From: BICS Planned Maintenance NOREPLY < plannedmaintenance.noreply@bics.com > Sent: Sunday, October 12, 2025 9:58 AM To: Thomas Pascal < tpascal@sierrawireless.com >; Global NOC < globalnoc@sierrawireless.com > Subject: BICS Planned Maintenance [MTT 20254709226] Thu 16 October 2025 Announcement Caution: This email originated outside of Semtech. Planned Maintenance Announcement We would like to inform you about the following Planned Maintenance: Our reference MTT 20254709226 Start time of the event (UTC) Thu 16 October 2025 07:00 End time of the event (UTC) Thu 16 October 2025 10:00 Description of the Planned Maintenance: Dear Valued Customer As part of our continued commitment in providing the best in class services to our valued customers worldwide, BICS will proceed with the following activity: Category : Planned Work Activity : IP routing implementation for new nodes Date/Time GMT: 16/10/2025 07:00 – 16/10/2025 14:00 Service Impact :no impact Communication History: [20251012 13:58 UTC] Announcement Service(s) part of this Planned Maintenance: » Roaming Instant Roaming Instant Roaming 1000292420: Impacted » Roaming OC Roaming OC Roaming 1000305610: Impacted This is a NO REPLY email. In case of any questions don’t hesitate to contact us at customer.care@bics.com . We will perform the required operational checks on your services after this event. Kind regards, BICS Customer Care Tel. +32 2 547 51 51 customer.care@bics.com",Awaiting implementation,P3-Medium,Change,2025-10-12T14:34:47.851+0000,2025-10-12T14:41:08.812+0000,Ed Guigou,,
GNOC-9814,"SHIFT REPORT: Rajan Yadav - Oct 12, 2025","SHIFT REPORT: Rajan Yadav Oct 12, 2025",Completed,P5-Lowest,Incident,2025-10-12T03:13:58.174+0000,2025-10-12T13:01:55.184+0000,Rajan Yadav,,
GNOC-9815,Alert: SC - CARRIER SCS Sigtran Traffic Increase (CSI),"Since 20251012 03:30 UTC, singe customer CARRIERSCS started to show increase of traffic for Sigtran, Diameter, Radius and Vssf. Upon investigating into Kibana, GNOC saw that the some devices were stuck in RNA, others are constantly connecting and dropped off the network, and some were reregistering back on to the network successfully. GNOC checked AV and saw that the customer has been performing a lot provisioning work, hence, GNOC believe the anomaly increase is due to the customer. GNOC will continue to monitor this new pattern. Start time: 20251012 03:30 UTC End time: 20251012 04:00 UTC Duration: 30 min Impacted customers: CARRIER SCS Impacted VPLMNs: Polkomtel Sp. z o.o. Plus, KPN B.V.,Telekom Deutschland GmbH (TMobile), Bouygues Telecom, Orange France, Telefónica Móviles España S.A., Vodafone Italia S.p.A, Telefónica UK Limited, Vodafone España, S.A.U., Telefónica Germany GmbH & Co. oHG Affected services: Sigtran, Diameter, Radius, Vssf Affected Roaming Partner: JT Device Type: Advanced2, Advance Sample ICCID: 8933240100002158589 (Stuck in RNA) , 8933240100001594017 (Constantly connecting and dropping)",Work in progress,P4-Low,Incident,2025-10-12T04:40:44.859+0000,2025-10-12T12:01:17.548+0000,Steven Lee,"Carrier_SCS, MVNO",MVNO Voice
GNOC-9769,"Telia - Software upgrade in CNDB: 11/10,  22.00 CEST --> 12/10, 06.00 CEST","Hi. There will be a major software upgrade in CNDB environment that will require provisioning stop . Time: Start Saturday 11/10, 22.00 CEST > Completed Sunday 12/10, 06.00 CEST Regards/Vänliga Hälsningar Christian Elf Technical Business Specialist | Telia Infra Telia Company +46 70 3364657 christian.elf@teliacompany.com www.teliacompany.com Skepparegatan 3, 851 87 Sundsvall",Completed,P4-Low,Change,2025-10-08T11:41:39.226+0000,2025-10-12T04:41:47.023+0000,Rajan Yadav,,
GNOC-9812,"SHIFT REPORT: Rashied Lataillade - October 11, 2025","SHIFT REPORT: Rashied Lataillade October 11, 2025 Using the SHIFT REPORT ticket to record: a. Health Checks b. “Benign/Brief Spike” investigation information c. Time spent working on projects/other activities",Completed,P5-Lowest,Incident,2025-10-11T13:23:08.994+0000,2025-10-11T23:49:19.037+0000,Rashied Lataillade,,
GNOC-9674,ALERT:  High Memory usage on FWL-FKT-FRT-Node0 Firewall (NSI),"Summary: On 29th September at 15:46 UTC, GNOC received a P3 ALERT related to “High Memory usage on FWLFKTFRTNode0 Firewall”. GNOC opened this ticket & reached out to SME for a fix. SME Hafedh investigated & found that, the misconfiguration on DNS Side is generating hundreds of denied DNS queries per hour , resulting in, Log buffer saturation , Sustained memory elevation , & ACL processing overhead . Hence the System Team, from Juniper needs to rectify the DNS settings to fix the issue. Currently alert has autoclosed, however the memory usage is still high. Current Memory Usage: 79% (baseline: 5657%) . Current Status→ System team needs to correct DNS configuration on 10.62.55.22 ( SME Hafedh will give feedback when he has a confirmation from system team , as per him there is no urgencies, he is monitoring the FWL) There is no ETR received from SME I just emailed SME (Hafedh Essay), requesting any possible ETR he may have from System Team on rectifying DNS configuration. Analysis from SME: Required Action: System team must reconfigure DNS settings on server 10.62.55.22 to use authorized DNS servers: Primary: 10.62.30.100 Secondary: 10.62.30.101 Expected outcome: Memory should return to baseline (5657%) within 24 hours after DNS correction. Next Steps: System team corrects DNS configuration on 10.62.55.22 NOC monitors firewall memory levels If memory remains elevated after 4 hours, secondary investigation required (SNMP polling load or other factors) Current Status 10/10 Just pinged SME via this JSM ticket since the Memory Usage levels have decreased down to 66% as of 1:00 CST/6:00 UTC today, the 10th. Requested confirmation that DNS config was rectified. GNOC Observation: GNOC checked in ZENOSS & observed below percent of memory usage again different days. Before 17th Sept 06:00 UTC – 56% On 17th Sept 12:00 UTC ~ 62% 18th September to 29th September ~ 59% From 29th September 18:00 UTC till date (8th October 07:00 UTC) ~ 79% (Alert is Closed)",Open,P4-Low,Problem,2025-09-29T22:15:46.304+0000,2025-10-11T23:47:13.950+0000,Hafedh Essayeh,firewall,Infrastructure
GNOC-9811,"SHIFT REPORT: Preston Crump Oct 11, 2025","SHIFT REPORT: Preston Crump Oct 11, 2025",Completed,P5-Lowest,Incident,2025-10-11T13:09:19.138+0000,2025-10-11T22:58:41.487+0000,Preston Crump,,
GNOC-9763,"SHIFT REPORT: Steven Lee - Oct 07, 2025",Using the SHIFT REPORT ticket to record: a. Health Checks b. “Benign/Brief Spike” investion information c. Time spent working on projects/other activities,Completed,P5-Lowest,Incident,2025-10-07T22:57:39.677+0000,2025-10-11T22:57:36.500+0000,Steven Lee,,
GNOC-8069,"SHIFT REPORT: Rashied Lataillade - May 9, 2025","SHIFT REPORT: Rashied Lataillade May 9, 2025 Using the SHIFT REPORT ticket to record: a. Health Checks b. “Benign/Brief Spike” investigation information c. Time spent working on projects/other activities",Completed,P5-Lowest,Incident,2025-05-09T13:08:33.295+0000,2025-10-11T13:23:09.994+0000,Rashied Lataillade,,
GNOC-9810,SHIFT REPORT: Yash Jadhav - Oct'11 2025,SHIFT REPORT: Yash Jadhav Oct'11 2025,Completed,P5-Lowest,Incident,2025-10-11T03:18:30.459+0000,2025-10-11T12:56:02.851+0000,yjadhav,,
GNOC-9809,"SHIFT REPORT: Sean Yen - Oct 10, 2025",Using the SHIFT REPORT ticket to record: a. Health Checks b. “Benign/Brief Spike” investigation information c. Time spent working on projects/other activities,Completed,P5-Lowest,Incident,2025-10-10T23:09:02.563+0000,2025-10-11T11:02:23.774+0000,syen,,
GNOC-9807,"SHIFT REPORT: Rashied Lataillade - October 10, 2025","SHIFT REPORT: Rashied Lataillade October 10, 2025 Using the SHIFT REPORT ticket to record: a. Health Checks b. “Benign/Brief Spike” investigation information c. Time spent working on projects/other activities",Completed,P5-Lowest,Incident,2025-10-10T13:39:41.129+0000,2025-10-10T23:02:54.478+0000,Rashied Lataillade,,
GNOC-9806,"SHIFT REPORT: Preston Crump Oct 10, 2025","SHIFT REPORT: Preston Crump Oct 10, 2025",Completed,P5-Lowest,Incident,2025-10-10T13:03:19.732+0000,2025-10-10T23:00:05.198+0000,Preston Crump,,
GNOC-9790,Orange:  GTP Proxy Roaming Sponsor Operation (N° T509181508),"This is an automatically generated message, please do not reply. To reply, kindly click on the following email address: programmes.travaux@orange.com Monday 06/Oct/2025 at 08:29 You MOBIQUITHINGS To GlobalNOC Correspondant MOBIQUITHINGS globalnoc@sierrawireless.com Mourad BENHARKOUS mbenharkous@semtech.com CORRESPONDANT MOBIQUITHINGS mobnoc@sierrawireless.com Stéphane Savonitto Correspondant MOBIQUITHINGS ssavonitto@sierrawireless.com E. Schippers Correspondant MOBIQUITHINGS eschippers@sierrawireless.com Network Data IP Correspondant MOBIQUITHINGS networkdataip@sierrawireless.com NOC SEMTECH Correspondant MobiquiThings GlobalNOC@semtech.com CUSTOMER SUPPORT Correspondant MobiquiThings EMEACustomerSupportTeam@semtech.com Support Technique Correspondant MobiquiThings NamEasttechsupportSWI@semtech.com Us CSC OWF LIMOGES DOUCEAU Frédéric, SM quality assistant Phone: Fax: Email: programmes.travaux@orange.com Operation with Risk N° T509181508 impacting Orange's network Hello, As part of improving the quality of our infrastructures, we need to work on our network soon. Characteristics of the operation Type: Operation with Risk Nature: Mobile France Intervention Cause: Evolution Beginning: Tuesday 28/Oct/2025 at 09:00 (UTC + 01:00 ) End: Tuesday 28/Oct/2025 at 17:00 (UTC + 01:00 ) Duration: Impact: Without disruption Number of impacted services: 1 Comment for operator affected by traffic: Changement sans action nécessaire et sans dégradation ou coupure de service. Zone géographique concernée : France + international Type équipement touché : GTP Proxy Roaming Sponsor Change without necessary action and without degradation or service outage. Geographical area concerned: France + international Type equipment affected: GTP Proxy Roaming Sponsor The services concerned by the operation are listed in the table hereafter. . Thanks for your faithful. Your Orange customer service Table with the critical product No critical product identified Table with the other product Product type ",Awaiting implementation,P3-Medium,Change,2025-10-09T10:11:24.024+0000,2025-10-10T22:39:52.970+0000,yjadhav,"Data, Orange",
GNOC-9773,Alert:Kibana Suspicious SMS activity detected for customer 'Synox': 915.0 SMS sent between 2025-10-08 13:00:00 and 2025-10-08 14:00:00,"GNOC received an alert for Suspicious SMS activity detected for customer 'Synox Oct 8, 2025 10:45 AM and we are investigating. Current Status: No Fraud Found in call trace",Completed,P4-Low,Incident,2025-10-08T15:09:27.216+0000,2025-10-10T19:29:05.212+0000,Preston Crump,"SMS, Synox",
GNOC-9047,SHIFT REPORT: Yash Jadhav - Aug'02 2025,SHIFT REPORT: Yash Jadhav Aug'02 2025,Completed,P5-Lowest,Incident,2025-08-02T03:19:38.814+0000,2025-10-10T19:27:13.539+0000,yjadhav,,
GNOC-9194,SHIFT REPORT:  Lewie Spearman 8 16 2025 (13:00 to 23:00 UTC),"Shift report being created to document health checks, and recognized anomalies and high amount of alerts and other possible issues on 8/16",Completed,P5-Lowest,Incident,2025-08-16T12:58:53.992+0000,2025-10-10T19:26:46.810+0000,Unassigned,,
GNOC-9573,Felix Deployment: Software Release v3.01.1.0097,"This will be for unreleased FELIX version 3.01.1.0097 Continuing maintenance, component & function restoration and platform evolution. Jira Ticket: https://issues.sierrawireless.com/browse/FELIX/fixforversion/112437",Awaiting implementation,P3-Medium,Change,2025-09-18T15:44:29.758+0000,2025-10-10T19:26:17.637+0000,Greg Boxwell,FELIX,IoT Applications (NMRX Verticals)
GNOC-9511,Problem: NUT-FKT-INFRA - Filesystem Whitelists configured for network subnet ALERT,"Since 20250904 03:45 UTC, GNOC received alert regarding to nutfktinfra: Filesystem Whitelists configured for network subnet, GNOC checked in Zenoss observed that there is an issue with Nutanix cluster nutfktinfra. SMEs engaged and working with Nutanix, the vendor. Current Status: Alerts continue to trigger. SMEs engaged Nutanix for analysis. Start Time: 20250904 03:45 UTC End Time: N/A Duration: N/A Also see GNOC9369",Under investigation,P3-Medium,Problem,2025-09-13T16:01:38.734+0000,2025-10-10T18:40:36.883+0000,Christopher Dingman,Nutanix,Infrastructure
GNOC-8829,ALERT IMPROVEMENT REQUEST - MSU CHANGE FOR JT SIGNALING. raising max number to 65 for jtstp2 ,"While we did receive a spate of JT signaling alerts both for STP links and for connection to the DRA on 7/13, Sunday, which led to a GNOC ticket (8812), & did receive 36 P2 alerts over the course of Week 28, coupled to MSU counts for thresholds between 60 to 65. This points to a need to improve the regular MSU count alerts to above the 60 count. either stop notifying us of counts below 75 , or raise it up to 65+ at least? Current max threshold is set at 60 Example alert below f84567a910ba4805a58683b2417e18601752141671173 Event Details... current 61.7666666667 description High Linkset Throughput detected escalationcount 9 how exceeded isarchive true manager 2c8cb0d3a516 max 60 zenoss.device.deviceclass /Server/Linux/Ouroboros zenoss.device.ipaddress 46.23.241.244 zenoss.device.priority 3",Open,P4-Low,Task,2025-07-15T18:14:04.763+0000,2025-10-10T18:39:00.403+0000,Mohamed Amine Elbahi,ALERT_IMPROVEMENT,Monitoring
GNOC-8784,NAM PGW Monitoring improvement,No alert was triggered to reflect an issue with PGW NAM. Some actions are needed : CPU & Memory alerting > DONE PGW metrics & alerting NAM > In Review PGW trap configuration > In Review,Open,P3-Medium,Task,2025-07-10T13:23:32.178+0000,2025-10-10T18:31:54.552+0000,Salim Mourabbi,ALERT_IMPROVEMENT,
GNOC-9808,NAM - Syniverse GRX redundancy project,"CAB is to enable the additional 10 gig fibers we have with Syniverse. This is a fortification of our Syniverse connectivity and gives us much greater redundancy. No MOP has been added as all the work is on the Syniverse side to open traffic; we just need to monitor traffic (PGW sessions, and SS7 links to TMM). No impact is expected but as always we can’t guarantee anything. GNOC should monitor NAM PGW traffic during this migration. should also monitor SS7 links to SMSC in NAM to ensure they remain operational. The CAB is for NAM region only and will not impact traffic to EU PGW / EU SS7 / EU Diameter Links.",Awaiting implementation,P3-Medium,Change,2025-10-10T17:12:59.600+0000,2025-10-10T18:31:12.151+0000,Kevin Wohlrabe,,
GNOC-8798,Alert Improvement: Lower Nutanix Alarm Severity - Protection domain Jumphosts snapshot,"Greetings Monitoring Team, Infrastructure SME, David Adams, confirmed that this Nutanix : Protection domain Jumphosts snapshot ‘1236937’ failed. No entities snapshotted, skipped 1 P1 Alarm needs to be deemed “ Informational .” Please reduce this alarm severity from P1 to P4 or lower. David pointed out that there is some sort of alerting remapping that moves these alert types from P5 to P1 for some reason: Note: This Nutanix service is designed to allow Jumphost redundant availability. If one Jumphost is unavailable, Nutanix allows for the switching of the next available Jumphost.",In review,P3-Medium,Sub-task,2025-07-11T18:17:02.937+0000,2025-10-10T18:29:29.621+0000,Julien Poisson,"ALERT_IMPROVEMENT, Nutanix",
GNOC-9789,Orange:  Firmware Upgrade Operation - Application Servers and SIG infrastructure (N° T509200106),"This is an automatically generated message, please do not reply. To reply, kindly click on the following email address: programmes.travaux@orange.com Monday 06/Oct/2025 at 17:56 You MOBIQUITHINGS To GlobalNOC Correspondant MOBIQUITHINGS globalnoc@sierrawireless.com Mourad BENHARKOUS mbenharkous@semtech.com CORRESPONDANT MOBIQUITHINGS mobnoc@sierrawireless.com E. Schippers Correspondant MOBIQUITHINGS eschippers@sierrawireless.com Network Data IP Correspondant MOBIQUITHINGS networkdataip@sierrawireless.com Stéphane Savonitto Correspondant MOBIQUITHINGS ssavonitto@sierrawireless.com CUSTOMER SUPPORT Correspondant MobiquiThings EMEACustomerSupportTeam@semtech.com NOC SEMTECH Correspondant MobiquiThings GlobalNOC@semtech.com Support Technique Correspondant MobiquiThings NamEasttechsupportSWI@semtech.com Us CSC OWF LIMOGES MAZILLE Laetitia, SM quality assistant Phone: Fax: Email: programmes.travaux@orange.com Operation with Risk N° T509200106 impacting Orange's network Hello, As part of improving the quality of our infrastructures, we need to work on our network soon. Characteristics of the operation Type: Operation with Risk Nature: Mobile France Intervention Cause: Evolution Beginning: Wednesday 29/Oct/2025 at 00:30 (UTC + 01:00 ) End: Wednesday 29/Oct/2025 at 08:00 (UTC + 01:00 ) Duration: Impact: Without disruption Number of impacted services: 1 Comment for operator affected by traffic: Changement sans action nécessaire et sans dégradation ou coupure de service. Zone géographique concernée : France + international Type équipement touché : serveurs applicatif et sig Roaming Sponsor Projet upgrade firmware RRS : Upgrade firmware du serveur applicatif OFR oprrsr4ofrapp01 de la room 4 Upgrade firmware RRS project : Upgarding firmware of application server OFR oprrsr4ofrapp01 in room4 Changement sans action nécessaire et sans dégradation ou coupure de service. Zone géographique concernée : France + international Type équipement touché : serveurs applicatif et sig Roaming S",Awaiting implementation,P3-Medium,Change,2025-10-09T10:08:59.616+0000,2025-10-10T18:08:04.397+0000,yjadhav,"Orange, SIG",
GNOC-7104,Alert Improvement :increase alert priority for VIP customer for KIBANA observability Alert,"Greetings !! In some scenarios, GNOC receives KIBANA observability Alert for different customers for different scenarios. Sometimes the impacted customer name is missing from the alert & it populates as “Others”. It would be really helpful for GNOC if we can have all the impacted customer names in the alert . If we have a VIP customer impacted then the severity of the alert can be changed to P2 & the alert can have the word VIP to have more attention on it from GNOC monitoring perspective. Kindly review the request.",Open,P4-Low,Task,2025-01-28T09:02:38.978+0000,2025-10-10T18:04:33.440+0000,Julien Poisson,"ALERT_IMPROVEMENT, Kibana",Monitoring
GNOC-9737,Alert: SMTP Relay - Errors_GITOPS (NSI),"SMTP Relay ErrorsGITOPS At 20251006 07:20 UTC an SMTP Relay ErrorsGITOPS alert was received. Within the event logs there is series of “Host not found” errors that triggered for the lspismtpl02 server host. GNOC reached out to the Infrastructure SMEs to examine and resolve the issue. Current Status 10/10 Infrastructure SME has confirmed with GNOC they are digging deeper into how and why the Splunk events have changed in their error message. Both groups agree that it is not currently customer impacting. Raw Information: Available in the Alert RawOct 6 07:18:01 lspismtpl02 postfix/error[26163]: 0D46A419B2D6: to=< NMXdatateamSWI@semtech.com >, relay=none, delay=0.01, delays=0.01/0/0/0, dsn=4.4.3, status=deferred (delivery temporarily suspended: Host or domain name not found. Name service error for name=semtech.com type=MX: Host not found, try again) Source Splunk Integration Splunk (Splunk) Responders isbunoc , isbuusopsproduction Alias SMTP Relay ErrorsGITOPS Last Updated At Oct 6, 2025 8:20 AM (GMT+00:00) Description Sid:schedulercdingmansearchRMD5f023f6266e2fecefat175973520074468 Source Type:syslog Splunk Server:idxi05ef49997ae9a6d80.sierrawireless.splunkcloud.com Server Host:shi03d55f08b2ef8bb6a Index:main",Completed,P4-Low,Incident,2025-10-06T08:06:00.993+0000,2025-10-10T17:57:38.462+0000,Christopher Dingman,SMTP,Infrastructure
GNOC-7103,Alert Improvement : Location Update thresholds for Each Roaming Partner,"Greetings !!! Many times GNOC receive different P2 alerts , which subsequently ends up with Service degradation for our customers in most of the cases. The opsGenie alert we get shows overall combined KPIs for different Roaming partner. It does not specify which Roaming partner has issues or thresholds not met. So from GNOC perspective we tend to check all Roaming partner KPIs when we receive such alert. If we can have Individual Roaming partner’s Location update threshold set & if we get opsGenie alert specifying which Roaming Partner has issues/threshold not met then it will save us a lot of time. Kindly review the request. ZENOSSLink Example of alerts → PS Update location Ratio too low CS Update location Ratio too low Cancel location update ratio too low etc.",Done,P4-Low,Task,2025-01-28T08:50:40.689+0000,2025-10-10T17:55:04.152+0000,Julien Poisson,"ALERT_IMPROVEMENT, Location_Update, Zenoss",
GNOC-6968,ALERT IMPROVEMENT REQUEST - Kibana Observability for Invers,"Greetings Julien and co: We recently had an issue get reported to us for Invers, where they experienced data connectivity issues on Telefonica Germany. COFI 2862 was brought to our attention from the L2s via a Slack channel. We queried recent OpsGenie Alerts from the 6th through the 8th with Invers and/or kibanaobservability in the message row. No results back in which specified Invers . However, there was one for Synox. Could we configure OpsGenie to alert us specifically for Invers with kibanaobservability at the beginning of the message? Thank you for your help.",Work in progress,P4-Low,Task,2025-01-08T17:29:59.270+0000,2025-10-10T17:45:53.118+0000,Julien Poisson,"ALERT_IMPROVEMENT, Invers_GmbH",
GNOC-5755,Alert Improvement:  Implement Global SMS Alerting (Urgent),During the Semtech 07162024 Global SMS incident there were no SMS alarms with the exception of Birdz (Veolia) Olympic (monitoring) specific alerts.,Work in progress,P3-Medium,Sub-task,2024-07-16T11:17:15.768+0000,2025-10-10T17:20:03.487+0000,Salim Mourabbi,"ALERT_IMPROVEMENT, SMS",Monitoring
GNOC-9791,NAM: Syniverse 10-gig fibers - enable for traffic,Cab is to enable the additional 10 gig fibers we have with Syniverse. No customer impact is expected but incase of issues we thought it was best to notify customers. This is a fortification of our Syniverse connectivity and gives us much greater redundancy. No cab has been added as all the work is on the Synivese side to open traffic. GNOC should monitor NAM PGW traffic during this migration. should also monitor SS7 links to SMSC in NAM to ensure they remain operational. The CAB is for NAM region only and will not impact traffic to EU PGW / EU SS7 / EU Diameter Links.,Canceled,P3-Medium,Change,2025-10-09T11:34:29.027+0000,2025-10-10T17:11:24.996+0000,Kevin Wohlrabe,,
GNOC-5607,Alert Improvement:  P1 MNO Outage Alerting Implementation [Urgent],Executive Leadership is requesting for the Monitoring team to create alarms that reflect complete MNO outages. “ANY MNO outage should be treated as a P[1] irrespective of the size traffic volume…” Leadership is asking for MNO alerting indicators to detect when “no traffic being sent or received”. Limiting the alert monitoring to MNOs with more than 100 Connections. The Monitoring team has committed to assessing this request. P1 MNO Outage Alerting Implementation ANY MNO outage should be treated as a P1 Limiting the alert monitoring to MNOs with more than 100 Connections. See example of this MNO outage can be found in COFI2352 Orange 901 and VPLMN Orange Guinée (61101),Open,P4-Low,Task,2024-06-18T19:01:52.980+0000,2025-10-10T17:11:11.657+0000,Julien Poisson,ALERT_IMPROVEMENT,Monitoring
GNOC-5466,ALERT Improvement: Implement MQTT Data Push Alarms,During the ( 05212024 AirVantage EU Data Push Degradation ) event there were no alarms triggered. Please have the AV Cloud team to create AV Data Push alerts for in Opsgenie.,In review,P3-Medium,Sub-task,2024-05-23T13:37:00.644+0000,2025-10-10T16:52:19.539+0000,Pascal Rieux,"ALERT_IMPROVEMENT, AirVantage",
GNOC-9622,EXT:  Jersey Telecom (Velos) - Email  Requesting Semtech to Address High Volume traffic Authentication requests with Unknown Subscribers errors (NSI),"Jersey Telecom (Velos) Email Requesting Semtech to Address High Volume traffic Authentication requests with Unknown Subscribers errors No Customer Impact On 24th September at 11:13 UTC, GNOC received an email from JT/Velos mentioning they have observed 4530 Semtech IMSIs generating highvolume of authentication traffic with Unknown Subscriber errors. (As per JT they did send us an email on 17th September) . GNOC reached out to SME to address. Current Status: JT (Velos IoT Support) reported 4530 (Semtech) IMSIs generating high volume of authentication requests and receiving Unknown Subscriber Errors . Much of these errors are coming from Deactivated IMSIs. Awaiting feedback from the L3 NEO team… JT/Velos Ticket → IOT42186 Core Support has not supplied an ultimate fix to prevent these IMSIs from generating SAI traffic through JT. Consulted with Asim over the phone, today, 10/7 circa 14:30 to 15:10 and we viewed he timeline for Unknown Sub responses from our HLRs back for 23450 SAIs. Pre9/17 (time of the Frankfurt shutdown during upgrade of hardware racks– 8190 9331 on 9/17…9331 was for the actual shutdown of Telco nodes) displays our HLR regularly sending back Unknown Sub in response to SAIs coming in from JT. Screenshot of the feed based on the Transaction and Cause code are provided below these bullets. Planned start Sep 17, 2025, 1:00 AM Planned end Sep 17, 2025, 1:00 PM Thus, what caught JT’s attention was the resurge of Unknown Subscriber to pre9/17 levels, which averaged around 20k at any given hour during the day. Therefore , JT/Velos IoT needs to provide a timeline before the Frankfurt temporary shutdown on 9/17; based on the PA run again today in Viavi, the droppage in Unknown Sub in response to SAIs didn’t catch their attention, but when traffic returned to normal, what JT interpreted as elevated was actually the levels returning to what they were before 9/17 I just emailed JT/Velos IoT back, and cc’ed Mona, requesting they revisit their captures, but this ti",Open,P4-Low,Problem,2025-09-24T11:22:54.585+0000,2025-10-10T16:36:17.325+0000,Anas Tablieh,"JT, Retired_SIMs, Signaling_Reduction, VelosIoT",MVNO Voice
GNOC-9305,10 to 15digits migration / Rest of Customers - Operation 10/14/2025 -> 10/15/2025 (Matooma 7th week),"ARCEP, Regulatory Body in France requires to move all MSISDN in +33 and used for IOT from 10 to 15 digits format. Objective : After successfully migration of 3 customers, this set of operations target to migrate remaining customers MSISDNs to 15 digits. Target customer list with the migration dates is detailed below: Migration 10 to 15 digits list of customers.xlsx List of customers for 10 to 15 digit Migration.xlsx Migration period: 07/29/2025 10/15/2025 Project Confluence page: 2025 10 to 15 Digit Migration Project Management Office Confluence Sierra Wireless Operations : 10/14/2025 => 14102025MigrationBach.xlsx 10/15/2025 =>",Awaiting implementation,P3-Medium,Change,2025-08-28T13:10:43.471+0000,2025-10-10T16:12:27.346+0000,Michael Criscolo,,
GNOC-9744,Post-Network Change Exposed ongoing apn issue for users through Sparkle on Orange France,"Starting at 16:29 UTC on , GNOC began receiving alerts for a signaling issue on Orange 901. After further investigation, the increase in signaling was from RNA. I have discussed this issue with Minh, and he stated that they made a change for the customer Presence Verte on CAB COFI3629. This caused the RNA on Orange 901, and since these are advanced 3 and advanced 4 Sims, the traffic moved over to Sparkle. According to the SME, when traffic was moved over to Sparkle, the devices were unable to create sessions over LTE, and we observed an increase in purges. We have sent an email to Sparkle to investigate. Current Status: GNOC has reopened this ticket. Anas conducted testing and is still observing issues with Sparkle. He has reengaged Sparkle via email and is awaiting their investigation. GNOC just sent over to Sparkle a relevant pcap, showing the purge come in immediately after the successful ULR; GNOC also included a list of IMSIs and a jpeg file showing the surge in Diameter UE purges. As of 8:10 UTC, COFI ticket 3629 states the block was reversed. Sparkle still has their ticket open (CSFA 00652929 ), and GNOC leadership discussed with Sparkle managers the morning of 10/8. They are escalating with Orange France, and a batch of IMSIs have been shared with Sparkle along with a couple of pcaps revealing the S6 purges. Querying the first 10% of the IMSI list within AV IDed that 24 out of 28 (202 total imsi list) are Presence Verte customers. Purges via Sparkle have decreased drastically but due to the block reversal, we are not likely to capture the S6 purges occur to the degree they transpired yesterday, via Sparkle on Orange 20801 Current Status 10/10 Semtech still has credible reason to believe CSREQs are NOT coming through via Sparkle, originating on Orange France 020801); 10/10 testing (Anas) with 208243092590247 / 222013094590247 revealed successful GTP traffic with internet.swir but not internet.mbqt.net More recent was cut today to tie into open COFI, 3629. The",Work in progress,P4-Low,Incident,2025-10-06T16:42:01.668+0000,2025-10-10T14:44:14.082+0000,Ed Guigou,,
GNOC-9801,SHIFT REPORT: Yash Jadhav - Oct'9 2025,SHIFT REPORT: Yash Jadhav Oct'9 2025,Completed,P5-Lowest,Incident,2025-10-09T23:27:30.663+0000,2025-10-10T13:08:58.772+0000,yjadhav,,
GNOC-9802,"SHIFT REPORT: Arabinda Mishra - Oct 10, 2025","SHIFT REPORT: Arabinda Mishra Oct 10, 2025",Completed,P5-Lowest,Incident,2025-10-10T02:05:52.940+0000,2025-10-10T13:06:27.829+0000,Arabinda Mishra,,
GNOC-9805,Change mtu on vertu APN,MTU pco ipv4 changed at 1500 as per manegemnt request,Completed,P3-Medium,Change,2025-10-10T13:00:22.461+0000,2025-10-10T13:00:44.861+0000,Vladimir Florian Bajan,,
GNOC-9804,Deploy av-ui with template engine dependency change,The AirVantage UI (avui) will be updated to upgrade the Handlebars.js dependency from version 4.0 to version 4.7. This upgrade addresses security vulnerabilities and improves template rendering performance. All template files have been tested to ensure compatibility with the new version.,Manager Approval BAU,P3-Medium,Change,2025-10-10T12:45:57.326+0000,2025-10-10T12:46:55.357+0000,Clément Thirouin,,AirVantage
GNOC-9786,Operation with Risk N° T508174556 impacting Orange's network,"Caution: This email originated outside of Semtech. This is an automatically generated message, please do not reply. To reply, kindly click on the following email address: programmes.travaux@orange.com Tuesday 07/Oct/2025 at 11:16 You MOBIQUITHINGS To NOC SEMTECH Correspondant MobiquiThings GlobalNOC@semtech.com Mourad BENHARKOUS mbenharkous@semtech.com CORRESPONDANT MOBIQUITHINGS mobnoc@sierrawireless.com E. Schippers Correspondant MOBIQUITHINGS eschippers@sierrawireless.com Network Data IP Correspondant MOBIQUITHINGS networkdataip@sierrawireless.com Stéphane Savonitto Correspondant MOBIQUITHINGS ssavonitto@sierrawireless.com GlobalNOC Correspondant MOBIQUITHINGS globalnoc@sierrawireless.com CUSTOMER SUPPORT Correspondant MobiquiThings EMEACustomerSupportTeam@semtech.com Support Technique Correspondant MobiquiThings NamEasttechsupportSWI@semtech.com Us CSC OWF LIMOGES MAZILLE Laetitia, SM quality assistant Phone: Fax: Email: programmes.travaux@orange.com Operation with Risk N° T508174556 impacting Orange's network Hello, As part of improving the quality of our infrastructures, we need to work on our network soon. Characteristics of the operation Type: Operation with Risk Nature: Mobile France Intervention Cause: Evolution Beginning: Thursday 30/Oct/2025 at 09:00 (UTC + 01:00 ) End: Thursday 30/Oct/2025 at 17:00 (UTC + 01:00 ) Duration: Impact: Without disruption Number of impacted services: 1 Comment for operator affected by traffic: Changement sans action nécessaire et sans dégradation ou coupure de service. Perte de résilience sur des associations donc présence d'alarme. Zone géographique concernée : National et International Type équipement touché : SRF3 Changeover without any action required and without degradation or service interruption. Loss of resilience on associations, resulting in alarms. Affected geographic area: National and International Affected equipment type: SRF3 The services concerned by the operation are listed in the table hereafter. . Thanks fo",Awaiting implementation,P3-Medium,Change,2025-10-09T09:57:26.302+0000,2025-10-10T11:43:39.624+0000,yjadhav,Orange,
GNOC-9633,Syniverse -- Initial/Final Planned Maintenance (CN:108517-1) -SS7 - LINKS AND PORTS,"Planned Maintenance : CN:1085171 Customer Impact Planned maintenance is required on the STP. Brief link interruptions will occur. Traffic will be maintained through the mate Wentzville, MO STP. Impacted Products SS7 LINKS AND PORTS, Notification ID CN:1085171 Planned Maintenance Source Syniverse Notes Dallas TX BLUE STP. affected point code ANSI 235000000 Timestamp Notification Date/Time (EST): 20250925 16:00 Start Date/Time (EST): October 9 2025 11:00 PM Eastern End Date/Time (EST): October 10 2025 6:00 AM Eastern Expected End Date/Time (EST): October 10 2025 6:00 AM Eastern Expected Duration 7 hours",Completed,P4-Low,Change,2025-09-25T06:53:22.687+0000,2025-10-10T10:00:20.006+0000,Arabinda Mishra,Syniverse_GRX,
GNOC-9236,HC:  SC:  WEBB FONTAINE - INCREASE IN LOST SERVICE ON SPACETEL BENIN (CSI),"Spotted some irregularities for S6 traffic for Webb Fontaine within past 24 hours during one of the first health checks on 8/21 when confirming data activity for customer, discovered gradual increase for lost service occurrences for this customer in Benin on Spacetel. Am working on a trace and will go from there. Sparkle’s incident ticket is Case CSFA00647022 Spikes in Lost Service are occurring again today, the 22nd, Attached pcaps show the DSREQs come in from Spacetel Benin within a few ms after the GTPv2 session is created and a Radius Start transaction gets sent. After further inspection, the Lost Service occurrences coincide with the rate of User Requests on a daily basis. Also, there are no current or recent SF tickets for this customer. Due to the lack of customer complaints, and also due to the constant rate of output and input octets appearing during the lost service transactions, I am closing this ticket out.",Completed,P4-Low,Incident,2025-08-21T15:32:52.327+0000,2025-10-10T08:04:53.428+0000,Lewie Spearman,,
GNOC-9787,Operation with Risk N° T509199742 impacting Orange's network,"Caution: This email originated outside of Semtech. This is an automatically generated message, please do not reply. To reply, kindly click on the following email address: programmes.travaux@orange.com Friday 26/Sep/2025 at 08:37 You MOBIQUITHINGS To GlobalNOC Correspondant MOBIQUITHINGS globalnoc@sierrawireless.com Mourad BENHARKOUS mbenharkous@semtech.com CORRESPONDANT MOBIQUITHINGS mobnoc@sierrawireless.com E. Schippers Correspondant MOBIQUITHINGS eschippers@sierrawireless.com Stéphane Savonitto Correspondant MOBIQUITHINGS ssavonitto@sierrawireless.com Network Data IP Correspondant MOBIQUITHINGS networkdataip@sierrawireless.com CUSTOMER SUPPORT Correspondant MobiquiThings EMEACustomerSupportTeam@semtech.com Support Technique Correspondant MobiquiThings NamEasttechsupportSWI@semtech.com NOC SEMTECH Correspondant MobiquiThings GlobalNOC@semtech.com Us CSC OWF LIMOGES MAZILLE Laetitia, SM quality assistant Phone: Fax: Email: programmes.travaux@orange.com Operation with Risk N° T509199742 impacting Orange's network Hello, As part of improving the quality of our infrastructures, we need to work on our network soon. Characteristics of the operation Type: Operation with Risk Nature: Mobile France Intervention Cause: Evolution Beginning: Wednesday 22/Oct/2025 at 00:30 (UTC + 02:00 ) End: Wednesday 22/Oct/2025 at 08:00 (UTC + 02:00 ) Duration: Impact: Without disruption Number of impacted services: 1 Comment for operator affected by traffic: Changement sans action nécessaire et sans dégradation ou coupure de service. Zone géographique concernée : France + international Type équipement touché : serveurs applicatif et sig Roaming Sponsor Projet upgrade firmware RRS : Upgrade firmware du serveur applicatif OFR oprrsr3ofrapp01 de la room 3 Upgrade firmware RRS project : Upgarding firmware of application server OFR oprrsr3ofrapp01 in room3 Changement sans action nécessaire et sans dégradation ou coupure de service. Zone géographique concernée : France + international Type équip",Awaiting implementation,P3-Medium,Change,2025-10-09T10:03:19.747+0000,2025-10-10T06:30:48.869+0000,yjadhav,,
GNOC-8715,AMM99 - upgrade from version 2.17.5 to 2.17.6.1,"Description Migration of the hosted server AMM99 from 2.17.5 to 2.17.6.1 Impact: The AMM web User Interface will be unavailable during the maintenance window. Gateway operation will be unaffected during this change window. The IP address of this server will change following the procedure. Please confirm with your IT team if your firewall restricts access by IP address. There will be no change to the instance's FQDN. All gateways should be configured to use the server FQDN. In case a gateway running supported firmware and configuration stops checking in after the upgrade, please reboot the gateway and troubleshoot prior to opening a new support case. AMM 2.17.6.1 2.17.6.1 is a patch release. This update addresses a performance issue discovered in AMM 2.17.6 that only impacts heavily loaded AMM systems. For more info, please review the release notes at",Awaiting implementation,P3-Medium,Change,2025-07-03T14:04:19.088+0000,2025-10-10T05:16:33.902+0000,Suyash Ahire,,
GNOC-9797,"SHIFT REPORT: Rashied Lataillade - October 9, 2025","SHIFT REPORT: Rashied Lataillade October 9, 2025 Using the SHIFT REPORT ticket to record: a. Health Checks b. “Benign/Brief Spike” investigation information c. Time spent working on projects/other activities",Completed,P5-Lowest,Incident,2025-10-09T13:20:02.523+0000,2025-10-10T00:49:39.159+0000,Rashied Lataillade,,
GNOC-9796,"SHIFT REPORT: Preston Crump Oct 9, 2025","SHIFT REPORT: Preston Crump Oct 9, 2025",Completed,P5-Lowest,Incident,2025-10-09T13:03:47.568+0000,2025-10-09T23:20:12.086+0000,Preston Crump,,
GNOC-9529,INTERNAL: ECC SURGE IN 0 BYTE SESSION FOR num.vzwentp (NSI),"NAM support received customer complaint and has noticed surge in 0 byte sessions for ECC users starting on 9/11 at around 4:00 UTC: Main customer showing up in the ECC dashboard for this surge is Sentinel but others are appearing as well (UplinkPROD, Toyota Material Handling, Gardner Denver, Ethium (AVC), Neurio Technology Inc) ECC dashboard filtered for 0 byte sessions and based on the IP addresses: 192.168.2.6 through last octet of .11 Robert and I did speak briefly with Minh, an the IP addresses represent our Radius connection with Verizon…Verizon made some changes on 9/11, which most likely explains visiblity issues that are showing up in Data Insights, sans customer impact. Minh will be emailing Jordan at Verizon shortly. Current customer complaint is for Innovative FOTO (SF ticket 01884417 ) NRB 000011919606 ECC filtered for two way traffic based on IP addresses:",Open,P4-Low,Task,2025-09-15T18:23:34.539+0000,2025-10-09T19:25:44.612+0000,Lewie Spearman,,
GNOC-9287,HC:  VIAVI PA - SS7 UDTS - (SCCP) - NO TRANSLATIONS FOR THIS ADDRESS (NSI),"While analyzing the SS7 traffic within Explore QoS, an exorbitant amount of UDTSNo translations for this address Cause code rejects surfaced over the past 48 hours. No ULs are coming in from these particular GTs listed below ; however , Cancel Location Invokes are going out to these GTs associated with BICs, with both BICS MAR22 & BIS STR21 sending back SCCP: No translations for this address The most recent capture shows the repeat offenders are the following BICS GTs: 324750004129047 324750004129038 Recent captures on 8/31 indicate rise in UDTS for CLR invokes going out to 22995651082 (Moov Benin), while no fresh ULs come in for this GT from this particular VPLMN via JT. Could you please assist us in determining why we would be sending the Cancel Location Invokes to these GTs if we are not receiving any ULs or UL GPRSs for them?",Open,P4-Low,Problem,2025-08-27T18:22:31.206+0000,2025-10-09T19:05:38.253+0000,Anas Tablieh,Health_Check,
GNOC-9800,Decommission the HTTP Service on extranet1 and extranet1.fkt,"Turn off the httpd service on extranet1 and extranet1.fkt (actually, it is already turned off on extranet1.fkt, since it is the “standby” server). Part of the DB1 decommissioning project.",Manager Approval CR,P3-Medium,Change,2025-10-09T18:36:15.937+0000,2025-10-09T18:36:21.238+0000,Michael Criscolo,,
GNOC-9799,"Update the SMPP ""Destination"" Table for entries migrating from 10 to 15 Digit MSISDNs",Backup tbSMPPDest table in the SMS Router database. Make changes to the MSISDNs as directed by the sheet at this location: MOP link will be forthcoming.,Manager Approval CR,P3-Medium,Change,2025-10-09T18:21:03.949+0000,2025-10-09T18:21:07.590+0000,Michael Criscolo,,
GNOC-9777,"SHIFT REPORT: Arabinda Mishra - Oct 09, 2025","SHIFT REPORT: Arabinda Mishra Oct 09, 2025",Completed,P5-Lowest,Incident,2025-10-09T02:21:55.279+0000,2025-10-09T13:12:19.520+0000,Arabinda Mishra,,
GNOC-9778,SHIFT REPORT: Yash Jadhav - Oct'09 2025,SHIFT REPORT: Yash Jadhav Oct'09 2025,Completed,P5-Lowest,Incident,2025-10-09T03:44:20.214+0000,2025-10-09T13:08:16.915+0000,yjadhav,,
GNOC-9795,HLRBoostrap Configuration Change APN,HLRBoostrap Configuration Change APN,Manager Approval BAU,P3-Medium,Change,2025-10-09T12:56:34.649+0000,2025-10-09T12:56:38.432+0000,Mohamed Amine Elbahi,,
GNOC-9793,Add new GT for Sparkle ,"Sparkle sent update GT Mapping, action needed to add GT for : MegaFon, Open Joint Stock Company. add below record on HLR: gtprefix: 39335884078. hpegrplabel: RUSRUSNWITASI MCC MNC: 250 02",Completed,P3-Medium,Change,2025-10-09T12:26:18.089+0000,2025-10-09T12:26:20.724+0000,Anas Tablieh,,
GNOC-9782,"ALERT: Lumen Technologies LSP-MSN Inter-site 443976315 Circuit Down, because of Maintenance (NSI)","Lumen Technologies LSP < > MSN Intersite 443976315 Circuit Down. No Impact due to Redundancy. At 20251009 17:09 UTC the Lumen Technologies 443976315 intersite circuit was Down between Semtech’s Madison and Lithia Springs data centers. GNOC engaged the provider to investigate to confirm any change activities or issues that need to be address on the Lumen network. GNOC got feedback from Lumen that the circuit is down is because of a planned maintenance . (Maintenance time 05:00 UTC to 11:00 UTC) Lumen Maintenance Ticket Number → P270B002 GNOC found that, email was shared from Lumen but we did not received it because of issues with Mimecast email filtering system. FINAL Update: Circuit is UP, Lumen updated that the issue was because of a planned maintenance which GNOC was not aware off. But later it was found that GNOC did not receive the corresponding email from Lumen because of issues with Mimecast email filtering system Start Time: October 9, 2025 17:09 UTC Stop Time: October 9, 2025 17:53 UTC. Pre: Post:",Completed,P4-Low,Incident,2025-10-09T05:42:06.509+0000,2025-10-09T11:05:50.838+0000,Arabinda Mishra,Lumen,
GNOC-9776,"SHIFT REPORT: Sean Yen - Oct 08, 2025",Using the SHIFT REPORT ticket to record: a. Health Checks b. “Benign/Brief Spike” investion information c. Time spent working on projects/other activities,Completed,P5-Lowest,Incident,2025-10-08T23:14:36.858+0000,2025-10-09T11:02:47.061+0000,syen,,
GNOC-9673,ALERT IMPROVEMENT REQUEST - ota-microservices; production 2 consecutive weeks of alert spikes,"Greetings The GNOC has been receiving an exorbitant amont of ota alerts, beginning at around the 8th of September … Week 39 showed 196 alerts for ota type of alerts Week 38 had 129 Week 37 had 217 Although, recent conversations via previous ticket 9492 indicated there were attempt to get these alerts deactivated or changed to a P4 priority, we have still received 46 alerts over the weekend and through 9/29. Can we confirm that the trigger is adjusted to where the GNOC isn’t getting notified for NSI type alerts? ota (129) otav2production: threshold of High Traceback Count on smsreceiverapi exceeded: current value otamicroservices: High Target Response Time otamicroservicesalb Value: 14.83 75 alerts linked to GNOC9492 otav2production: threshold of High Failure count on Workflows not met: current value 0.000000 otamicroservices: HTTP 4xx Error /ecs/customsmswaftask Value: 1.00 otamicroservices: High Target Response Time otasmscalb Value: 0.02",Open,P4-Low,Task,2025-09-29T20:08:32.296+0000,2025-10-09T10:30:59.751+0000,Faycal Noushi,ALERT_IMPROVEMENT,
GNOC-9785,Lumen Maintenance - Circuit ID : 443976315 - Maintenance # 32791625 -- Alternate Day,"Scheduled Maintenance #: 32791625 Summary: Lumen will perform URGENT scheduled maintenance as part of a complex and highly coordinated project to roll fiber in order to improve network reliability, proactively avoid outages, upgrade capacity for customers and to prevent future service interruptions to customer services. Lumen sincerely apologizes for any inconvenience caused by this maintenance . Updates: 20251007 18:35:23 GMT This maintenance is scheduled. Customer Impact: 327916251 Start End 20251014 05:00 GMT (Greenwich Mean Time) 20251014 11:00 GMT (Greenwich Mean Time) 20251014 00:00 CDT (Central Daylight Time) 20251014 06:00 CDT (Central Daylight Time) Maintenance Location(s): PLAINFIELD, IL USA; BROADVIEW, IL USA Customer Name Circuit ID Alt Circuit ID Bandwidth A Location Z Location Impact Type Maximum Duration Order Number SIERRA WIRELESS AMERICA, INC VC 443976315 N/A 10 GIG 375 RIVERSIDE PKWY LITHIA SPRINGS GA USA 5515 NOBEL DR FITCHBURG WI USA Outage 30 minutes Alternate Night: 327916252 Start End 20251015 05:00 GMT (Greenwich Mean Time) 20251015 11:00 GMT (Greenwich Mean Time) 20251015 00:00 CDT (Central Daylight Time) 20251015 06:00 CDT (Central Daylight Time) Click here to open a case for assistance on this scheduled maintenance via Email. Click here for immediate information on scheduled maintenances via the Lumen Customer Portal. Click here to manage your notification subscriptions via the Lumen Portal. Click here to open a case for assistance on this scheduled maintenance via the Lumen Customer Portal. Network Change Management Team Lumen 18552446468 option 1 The information in this communication is confidential and may not be disclosed to third parties or shared further without the express permission of Lumen.",Awaiting implementation,P4-Low,Change,2025-10-09T08:44:48.450+0000,2025-10-09T08:45:28.676+0000,Arabinda Mishra,Lumen,
GNOC-9784,Lumen Maintenance - Circuit ID : 443976315 - Maintenance # 32791625,"Scheduled Maintenance #: 32791625 Summary: Lumen will perform URGENT scheduled maintenance as part of a complex and highly coordinated project to roll fiber in order to improve network reliability, proactively avoid outages, upgrade capacity for customers and to prevent future service interruptions to customer services. Lumen sincerely apologizes for any inconvenience caused by this maintenance . Updates: 20251007 18:35:23 GMT This maintenance is scheduled. Customer Impact: 327916251 Start End 20251014 05:00 GMT (Greenwich Mean Time) 20251014 11:00 GMT (Greenwich Mean Time) 20251014 00:00 CDT (Central Daylight Time) 20251014 06:00 CDT (Central Daylight Time) Maintenance Location(s): PLAINFIELD, IL USA; BROADVIEW, IL USA Customer Name Circuit ID Alt Circuit ID Bandwidth A Location Z Location Impact Type Maximum Duration Order Number SIERRA WIRELESS AMERICA, INC VC 443976315 N/A 10 GIG 375 RIVERSIDE PKWY LITHIA SPRINGS GA USA 5515 NOBEL DR FITCHBURG WI USA Outage 30 minutes Alternate Night: 327916252 Start End 20251015 05:00 GMT (Greenwich Mean Time) 20251015 11:00 GMT (Greenwich Mean Time) 20251015 00:00 CDT (Central Daylight Time) 20251015 06:00 CDT (Central Daylight Time) Click here to open a case for assistance on this scheduled maintenance via Email. Click here for immediate information on scheduled maintenances via the Lumen Customer Portal. Click here to manage your notification subscriptions via the Lumen Portal. Click here to open a case for assistance on this scheduled maintenance via the Lumen Customer Portal. Network Change Management Team Lumen 18552446468 option 1 The information in this communication is confidential and may not be disclosed to third parties or shared further without the express permission of Lumen.",Awaiting implementation,P4-Low,Change,2025-10-09T08:42:45.338+0000,2025-10-09T08:43:15.931+0000,Arabinda Mishra,Lumen,
GNOC-9779,HC : (SC) Temporary Decrease in 0-Byte Data Sessions for ECC Customer Sentinel-prod (NSI),"On 9th October’2025 during GNOC’s regular HC, GNOC observed a temporary drop in start/stop traffic for ECC Customer Sentinelprod via Verizon Wireless in USA. GNOC investigated more in OpenSearch & observed that there was decrease in 0byte session. More keynotes as follows, Note : GNOC did not receive any alerts related to this drop. Final Status → GNOC monitored KPIs & observed stability, hence completing the ticket. Keynotes as Follows: Customer : Sentinelprod Error Type: Decrease in 0Byte sessions Traffic Procedure: START/STOP Traffic Traffic type: Radius Roaming Partner: Direct Agreement (ECC) VPLMN: Verizon Wireless Country: USA Start Time: 04:35 UTC End Time: 05:15 UTC Duration: 40 Minutes Customer Impact: No Customer Impact as there was temporary decrease in 0byte sessions. There were no impact on 2way sessions.",Completed,P4-Low,Incident,2025-10-09T05:11:18.604+0000,2025-10-09T07:31:35.608+0000,Arabinda Mishra,ECC,Enhanced Carrier Connectivity / Local MNO
GNOC-9783,AMM01 Migration from 2.17.6.1 to 2.18,"Migration of hosted server AMM01 from 2.17.6.1 to 2.18 Impact: The AMM web User Interface will be unavailable during the maintenance window. Gateway operation will be unaffected during this change window. The IP address of this server will change following the procedure. Please confirm with your IT team if your firewall restricts access by IP address. There will be no change to the instance's FQDN. All gateways should be configured to use the server FQDN. In case a gateway running supported firmware and configuration stops checking in after the upgrade, please reboot the gateway and troubleshoot before opening a new support case. AMM 2.18 There are many new features and updates in this release. For more info, please review the release notes at",Manager Approval CR,P3-Medium,Change,2025-10-09T05:49:27.628+0000,2025-10-09T05:49:30.942+0000,Suyash Ahire,,
GNOC-9781,ATT -- Maintenance on AAMG/NGEAG - CHG000010260917 and CHG000010260921 - CS2227416 - DAY-2,"Partners, Please see below upcoming maintenance windows that might affect MM7 traffic: Change Request/Ticketing System Identifier CHG000010260917 NGEAG/AAMG PROD: Removing 22 SCF nodes from Allen SCF F5 LB pool for port 8021 to allow callback traffic on only 4 HAproxy(Inbound Callback Traffic MM7 MO) Actual Activity Start Time (ET) 10/13/2025 10:00:00 PM CT Actual Activity End Time (ET) 10/14/2025 06:00:00 PM CT Change Request/Ticketing System Identifier CHG000010260921 NGEAG/AAMG PROD: Removing 22 SCF nodes from Bothell SCF F5 LB pool for port 8021 to allow callback traffic on only 4 HAproxy(Inbound Callback Traffic MM7 MO) Actual Activity Start Time (ET) 10/14/2025 10:00:00 PM CT Actual Activity End Time (ET) 10/15/2025 06:00:00 AM CT Thanks, Laszlo Kocsis AT&T Mobility EPSO Partner Service Management Network Engineering & Operations (NEO) AT&T Technology Operations Palachovo namesti 762/2 | Brno | 625 00 DLMSOEPSONotifications@att.com | laszlo.kocsis@intl.att.com Direct Dial +420 5471 27665 “This email and any attachments are confidential AT&T property intended solely for the recipients. If you received this message in error, please notify me and immediately delete this message from your computer. Any retention, distribution or other use of this email is strictly prohibited.”",Awaiting implementation,P4-Low,Change,2025-10-09T05:35:03.116+0000,2025-10-09T05:35:31.879+0000,Arabinda Mishra,ATT,
GNOC-9780,ATT -- Maintenance on AAMG/NGEAG - CHG000010260917 and CHG000010260921 - CS2227416 - DAY-1,"Partners, Please see below upcoming maintenance windows that might affect MM7 traffic: Change Request/Ticketing System Identifier CHG000010260917 NGEAG/AAMG PROD: Removing 22 SCF nodes from Allen SCF F5 LB pool for port 8021 to allow callback traffic on only 4 HAproxy(Inbound Callback Traffic MM7 MO) Actual Activity Start Time (ET) 10/13/2025 10:00:00 PM CT Actual Activity End Time (ET) 10/14/2025 06:00:00 PM CT Change Request/Ticketing System Identifier CHG000010260921 NGEAG/AAMG PROD: Removing 22 SCF nodes from Bothell SCF F5 LB pool for port 8021 to allow callback traffic on only 4 HAproxy(Inbound Callback Traffic MM7 MO) Actual Activity Start Time (ET) 10/14/2025 10:00:00 PM CT Actual Activity End Time (ET) 10/15/2025 06:00:00 AM CT Thanks, Laszlo Kocsis AT&T Mobility EPSO Partner Service Management Network Engineering & Operations (NEO) AT&T Technology Operations Palachovo namesti 762/2 | Brno | 625 00 DLMSOEPSONotifications@att.com | laszlo.kocsis@intl.att.com Direct Dial +420 5471 27665",Awaiting implementation,P4-Low,Change,2025-10-09T05:32:32.365+0000,2025-10-09T05:33:19.986+0000,Arabinda Mishra,ATT,
GNOC-9772,"SHIFT REPORT: Sema Kimathi - Oct 8, 2025","SHIFT REPORT: Sema Kimathi Oct 8, 2025",Completed,P5-Lowest,Incident,2025-10-08T13:43:35.830+0000,2025-10-08T23:04:33.925+0000,Sema Kimathi,,
GNOC-9771,"SHIFT REPORT: Preston Crump Oct 8, 2025","SHIFT REPORT: Preston Crump Oct 8, 2025",Completed,P5-Lowest,Incident,2025-10-08T13:05:40.809+0000,2025-10-08T22:58:29.948+0000,Unassigned,,
GNOC-9770,"SHIFT REPORT: Ed Guigou - Oct 08, 2025","SHIFT REPORT: Ed Guigou Oct 08, 2025",Completed,P5-Lowest,Incident,2025-10-08T13:03:58.692+0000,2025-10-08T22:42:11.341+0000,Unassigned,,
GNOC-9775,ALERT IMPROVEMENT REQUEST- mss_aws_a2 par and a1 fkt sipCode480Tx  count too high,"mssawsa2 par and a1 fkt sipCode480Tx count too high have been coming into the GNOC at an excessively high rate throughout September and October . Week 40 had 73 alerts for SipCode480 Tx too high mssawsa2par: MSS sipCode480Tx count too high : 255 mssawsa1fkt: MSS sipCode480Tx count too high : 171 Current threshold is at .33 according to a recent alert’s Zenoss event details: Between 10/6 to 10/8, we have received 25 such alerts at various times throughout the day, with most of them autoclosing within 15 minutes or less. Since we are receiving so many alerts without much authentic network incident occurring, can we see about raising the threshold before Zenoss alerts the GNOC on this particular cause code type? Thank you.",Open,P4-Low,Task,2025-10-08T18:59:42.482+0000,2025-10-08T19:29:49.539+0000,Mohamed Amine Elbahi,ALERT_IMPROVEMENT,
GNOC-8689,ALERT: Sparkle Network Connectivity Incident (CSI),"Sparkle Network Connectivity Incident | No Customer Tickets Reported Between 20250702 22:07 23:43 UTC, Essentials 1 subscription offers in the EU and NAM markets may have experienced delays and failures in SMS, USSD, Voice, and Data service establishment, as well as network connectivity. Although Sparkle’s incident lasted 1 hour, 36 minutes, the first 45 minutes of existing Data Sessions were impacted until 23:07 UTC. At 23:07 UTC, Data Service recovered; Existing Data sessions were unaffected, however, there may have been delays establishing new sessions. For the entirety of the incident, Essentials 1 customers may have experienced delays in SMS, USSD, Voice, Data service establishment, and network connectivity. After 23:06 UTC, existing Data sessions were unaffected; however, there may be delays establishing new sessions. Note (from PostIncident Assessment): In accordance with the Incident Management Process, GNOC management has reclassified the incident (lowered severity) from a Priority 2 (P2) to a Priority 3 (P3). For context, ChargePoint—the largest customer utilizing Essentials 1 on the Sparkle network—experienced minimal impact, with a loss of no more than 1,320 data sessions during the brief incident. Final Update: Services Restored. RCA received Sparkle's thirdparty provider restored services by repairing the Fiber circuit link between the cities of Roma and Bologna. Incident was elevated to a Level 2 carrier escalation. Semtech Data Service Timeline ( See Chargepoint Data Sessions sample ): Start Time: 20250702 22:21 UTC End Time: 20250702 23:06 UTC Duration: 45 minutes Sparkle Incident Timline Start Time: 20250702 22:07 UTC End Time: 20250702 23:43 UTC Duration: 1 hour, 36 minutes Impacted Customer(s): ChargePoint Inc, Matooma, Networth Telecom, Connected Cycle, Synox, AddSecure Group Services AB, SAVVY Telematic Systems AG, Nextivity, Allcom Telecom Brazil – Reseller, Ingenico France, Inpro/Seal Company, Sigicom AB – Connectivity, Webb Fontaine Group FZ",Completed,P3-Medium,Incident,2025-07-02T22:29:24.097+0000,2025-10-08T19:03:47.418+0000,Rashied Lataillade,"Data, Diameter, SIGTRAN, Sparkle",Roaming Carrier/Sponsor
GNOC-9712,ALERT IMPROVEMENT REQUEST - Misrouted Alarm - eu-av-operator-mvno-16 attempts in EU (Ireland),"Yesterday, on 10/1., the GNOC received a couple of notifications for connection between AV and MVNO taking 16 attempts and more to succeed. euavoperatormvnoover16attemptsalarm Normally, this type of alert doesn’t come across the GNOC dashboard. Can we find out what occurred within the routing for the alerts to arrive at the GNOC yesterday, 10/1? A quick query from revealed the last time this happened was March 18th of this year.",Done,P4-Low,Task,2025-10-02T12:23:18.616+0000,2025-10-08T18:39:38.118+0000,Jeffrey Synnestvedt,ALERT_IMPROVEMENT,
GNOC-9774,fktp-sig-adea: SCTP Abort on slot1 too high. 101.0 errors / 5 min,"At 15:16 UTC on GNOC received 4 P2 alerts for SCTP Abort on Slot 1 and Slot 2 in FKT and VTY are too high. We have referred this issue to the SME to investigate. Per Slack, Amine is investigating.",Completed,P4-Low,Incident,2025-10-08T16:19:06.789+0000,2025-10-08T17:01:11.039+0000,Mohamed Amine Elbahi,,"MVNO Telco, MVNO Voice"
GNOC-9768,Migrate 10-digits SMPP numbers to 15-digits,https://confluence.sierrawireless.com/display/NOC/Migrate+10digits+SMPP+numbers+to+15digits,CAB Approval,P3-Medium,Change,2025-10-08T08:48:33.748+0000,2025-10-08T16:20:17.064+0000,mmiladi,,
GNOC-9756,Cleanup of SS7  conf of Etisalat from our STPs/SMSCs,SS7 Cleanup of Etislat,Completed,P3-Medium,Change,2025-10-07T10:29:12.589+0000,2025-10-08T14:32:00.272+0000,Adnen Abidi,,
GNOC-9304,10 to 15digits migration / Rest of Customers - Operation 10/07/2025 -> 10/08/2025 (Matooma 6th week),"ARCEP, Regulatory Body in France requires to move all MSISDN in +33 and used for IOT from 10 to 15 digits format. Objective : After successfully migration of 3 customers, this set of operations target to migrate remaining customers MSISDNs to 15 digits. Target customer list with the migration dates is detailed below: Migration 10 to 15 digits list of customers.xlsx List of customers for 10 to 15 digit Migration.xlsx Migration period: 07/29/2025 10/15/2025 Project Confluence page: 2025 10 to 15 Digit Migration Project Management Office Confluence Sierra Wireless Operations : 10/07/2025 => 07102025MigrationBachV2.xlsx 10/08/2025 => 08102025MigrationBachV2.xlsx",Completed,P3-Medium,Change,2025-08-28T13:08:48.662+0000,2025-10-08T14:20:16.057+0000,Michael Hall,,
GNOC-9758,"SHIFT REPORT: Sema Kimathi - Oct 7, 2025","SHIFT REPORT: Sema Kimathi Oct 7, 2025",Completed,P5-Lowest,Incident,2025-10-07T13:01:09.808+0000,2025-10-08T13:54:38.297+0000,Sema Kimathi,,
GNOC-9767,"SHIFT REPORT: Rajan Yadav - Oct 8, 2025","SHIFT REPORT: Rajan Yadav Oct 8, 2025",Completed,P5-Lowest,Incident,2025-10-08T03:07:51.200+0000,2025-10-08T13:02:54.686+0000,Rajan Yadav,,
GNOC-9765,"SHIFT REPORT: Arabinda Mishra - Oct 08, 2025","SHIFT REPORT: Arabinda Mishra Oct 08, 2025",Completed,P5-Lowest,Incident,2025-10-08T02:48:49.312+0000,2025-10-08T13:01:06.701+0000,Arabinda Mishra,,
GNOC-9681,AT&T:RE: Upcoming Maintenance Windows on AAMG/NGEAG - CHG000010354038 postponed,"CHG000010354038 has been rescheduled to: Start Date : 10/07/2025 10:00:00 PM CT End Date : 10/08/2025 06:00:00 AM CT Thanks, Laszlo Kocsis AT&T Mobility EPSO Partner Service Management Network Engineering & Operations (NEO) AT&T Technology Operations Palachovo namesti 762/2 | Brno | 625 00 DLMSOEPSONotifications@att.com | laszlo.kocsis@intl.att.com Direct Dial +420 5471 27665 “This email and any attachments are confidential AT&T property intended solely for the recipients. If you received this message in error, please notify me and immediately delete this message from your computer. Any retention, distribution or other use of this email is strictly prohibited.” From: AT&T Partner Incident Mgmt < G02689@att.com > Sent: Wednesday, September 24, 2025 7:43 AM Subject: RE: Upcoming Maintenance Windows on AAMG/NGEAG CHG000010354038 postponed Partners, CHG000010354038 has been rescheduled: Start Date : 09/30/2025 22:00 US/Central Time End Date : 10/01/2025 06:00 US/Central Time Thanks, Laszlo Kocsis AT&T Mobility EPSO Partner Service Management Network Engineering & Operations (NEO) AT&T Technology Operations Palachovo namesti 762/2 | Brno | 625 00 DLMSOEPSONotifications@att.com | laszlo.kocsis@intl.att.com Direct Dial +420 5471 27665 “This email and any attachments are confidential AT&T property intended solely for the recipients. If you received this message in error, please notify me and immediately delete this message from your computer. Any retention, distribution or other use of this email is strictly prohibited.” From: AT&T Partner Incident Mgmt < G02689@att.com > Sent: Friday, September 19, 2025 9:51 AM Subject: Upcoming Maintenance Windows on AAMG/NGEAG AAMG and NGEAG partners, Please see below upcoming maintenance windows that might affect MM7 traffic. 1 St Day MW: Change Request/Ticketing System Identifier CHG000010260856 AAMG/NGEAG PROD : HAProxy provisioning (Adding 4 HAP nodes to Allen SCF F5 LB pool to port 8021) to allow callback traffic (Inbound Callback T",Completed,P4-Low,Change,2025-09-30T11:36:44.934+0000,2025-10-08T11:16:47.538+0000,Rajan Yadav,ATT,
GNOC-8849,Migration of JT diameter Traffic to the new DSCs,https://confluence.sierrawireless.com/display/NOC/Migration+S6a+Traffic+to+New+DEA,Completed,P3-Medium,Change,2025-07-17T10:05:32.771+0000,2025-10-08T08:48:34.905+0000,mmiladi,,
GNOC-9416,"DNA: Advance notice, Information, CT059132, Information / Tiedoksi: GGSN C104/U104 päivitys uusimpaan softaversioon 14.10.2025","TICKET ID: CT059132 CHANGE ID: DNASCHG0043248 STATUS: Information / Tiedoksi PRIORITY: Information TRAFICOM CLASS: Ei tarvetta BREAK START TIME: 14.10.2025 00:00 EET / 13.10.2025 21:00 UTC BREAK END TIME: 14.10.2025 04:00 EET / 14.10.2025 01:00 UTC TICKET CREATED: 08.09.2025 11:11 TICKET CREATOR: DNA Verkonhallintakeskus, Puh. 03 8212773 OPERATION TEAM: DNA Verkonhallintakeskus DETAILS: Päivitetään GGSN C104/U104 uusimpaan softaversioon 14.10. klo 0:00 alkaen. Otetaan noodi pois ajosta ennen päivitystä ja tyhjennetään asiakkaista ennen päivitystä. Please be advised that DNA will perform GGSN C104/U104 upgrade on 14.10.2025 0:004:00 During this maintenance window there will be no loss of connection to customers. The connection towards the C104/U104 nodes will disconnect for a short moment (upgrades need a reboot). We apologize for any inconvenience you may experience during this activity. Your cooperation and understanding are greatly appreciated. If you have any questions, feel free to contact DNA NOC This is an automatic email from https://efecteitsm.dna.fi",Canceled,P4-Low,Change,2025-09-08T10:53:43.177+0000,2025-10-08T07:39:47.748+0000,Rajan Yadav,"DNA, Maingate",
GNOC-9760,SIM v4.4.1 Behaviour Issue During Telia Sweden Outage,"ssue Summary: During the Telia Sweden network outage on September 22, 2025 , devices using SIM v4.4.1 and connected via Sparkle failed to switch IMSI profiles or MVNOs. Approximately 2,400 Sparkleconnected devices were affected and remained without service until Telia was restored. In contrast, BICSconnected devices with the same SIM version successfully switched to alternative networks. Devices with SIM v5.x handled the situation correctly, switching IMSI and MVNO as needed. Customer Impact: The most affected customer was Eskilstuna Strängnäs Energi & Miljö (ESEM) . Out of 9,366 Advanced2 SIM v4.4.1 devices , around 25% experienced prolonged outages . Technical Investigation: ICCID 8933240100001435914 was identified as ESSENTIALS1 , despite AV showing it as ADVANCED2 . The label “SmartSIM to Easy 210101” suggests it was updated via OTA . ESSENTIALS1 uses Sparkle IMSI only , which may explain the lack of IMSI switching during the outage. Followup: Asim provided additional ICCIDs for verification: 8933240100001890344 8933240100001435159 8933240100001820472 Fred confirmed that all are ESSENTIALS1 , likely migrated from ADVANCED2 via OTA.",Under review,P3-Medium,Problem,2025-10-07T13:31:44.054+0000,2025-10-08T07:25:13.532+0000,Asim Khamari,,
GNOC-9766,"SHIFT REPORT: Sean Yen - Oct 08, 2025",Using the SHIFT REPORT ticket to record: a. Health Checks b. “Benign/Brief Spike” investion information c. Time spent working on projects/other activities,Completed,P5-Lowest,Incident,2025-10-08T03:06:33.630+0000,2025-10-08T07:01:38.372+0000,syen,,
GNOC-9759,"SHIFT REPORT: Ed Guigou - Oct 07, 2025","SHIFT REPORT: Ed Guigou Oct 07, 2025",Completed,P5-Lowest,Incident,2025-10-07T13:19:07.952+0000,2025-10-08T05:31:04.075+0000,Unassigned,,
GNOC-9500,"DNA -- Advance notice, Information, CT059257 ,  Update of the background servers ","TICKET ID: CT059257 CHANGE ID: DNACHG0014461 STATUS: Information / Tiedoksi PRIORITY: Information TRAFICOM CLASS: Ei tarvetta BREAK START TIME: 08.10.2025 00:00 EET / 07.10.2025 21:00 UTC BREAK END TIME: 08.10.2025 06:00 EET / 08.10.2025 03:00 UTC TICKET CREATED: 12.09.2025 12:48 TICKET CREATOR: DNA Verkonhallintakeskus, Puh. 03 8212773 OPERATION TEAM: DNA Verkonhallintakeskus DETAILS: Työ tehdään palvelin kerrallaan, joten katkosta palvelun käyttöön ei ole odotettavissa. Työn aikana on kuitenkin kohonnut riski häiriöille. / The work will be done one server at a time, so no service outages are expected. However, there is an increased risk of disruptions during the work. DNA Vaihdepalvelun taustapalvelimien päivitys. / Update of the background servers for the DNA Vaihdepalvelu. This is an automatic email from https://efecteitsm.dna.fi",Completed,P4-Low,Change,2025-09-12T10:12:51.920+0000,2025-10-08T03:00:32.011+0000,Arabinda Mishra,"DNA, Maingate, Voice",
GNOC-9764,HC: SC - Carrier Fire and Security B.V. Lost Service increase (CSI) ,"Since 20251007 22:21 UTC, GNOC observed a increase for single customer Carrier Fire and security B.V.. Upon investigation into kibana, GNOC saw that the increase was due to Lost Service. 0 byte session increase was also observed. Viavi was also showing error code Incomplete for GTPv2 Create Session Request. Anomaly lasted for 25 min and auto cleared. Start time: 20251007 22:21 UTC End time: 20251007 22:46 UTC Duration: 25 minutes Impacted customers: Carrier Fire and security B.V. Impacted VPLMNs: Affected services: Radius, VssF, Sigtran, Diameter Affected Roaming Partner: MBQT Device Type: Advanced Sample ICCID: 8933240100003576532",Completed,P4-Low,Incident,2025-10-07T23:45:53.769+0000,2025-10-08T01:20:28.626+0000,Steven Lee,"Carrier_Fire_and_Security_BV, MVNO",MVNO Voice
GNOC-9747,"SHIFT REPORT: Steven Lee - Oct 06, 2025",Using the SHIFT REPORT ticket to record: a. Health Checks b. “Benign/Brief Spike” investion information c. Time spent working on projects/other activities,Completed,P5-Lowest,Incident,2025-10-06T23:07:52.946+0000,2025-10-07T22:57:42.212+0000,Steven Lee,,
GNOC-9761,ALERT: kibana: Suspicious SMS activity detected for customer 'Synox': 754.0 SMS sent between 2025-10-07 14:00:00 and 2025-10-07 15:00:00,"At 16:16 UTC, GNOC received this alert. After further investigation, GNOC has determined there is no fraud for the increase in SMS traffic for Synox. Start time: 20251007 14:12 UTC End time: 20251007 15:05 UTC Duration: 53 minutes Customer: Synox Traffic Type: SMS Roaming Partner: Orange 901, Sparkle VPLMN: Orange France, Bouygues Telecom Country: France Sample ICCID: 8933240100000443939",Completed,P4-Low,Incident,2025-10-07T15:30:33.301+0000,2025-10-07T18:31:23.920+0000,Sema Kimathi,"SMS, Synox",
GNOC-9750,"SHIFT REPORT: Rajan Yadav - Oct 7, 2025","SHIFT REPORT: Rajan Yadav Oct 7, 2025",Completed,P5-Lowest,Incident,2025-10-07T03:06:25.419+0000,2025-10-07T13:16:24.430+0000,Rajan Yadav,,
GNOC-9749,"SHIFT REPORT: Arabinda Mishra - Oct 07, 2025","SHIFT REPORT: Arabinda Mishra Oct 07, 2025",Completed,P5-Lowest,Incident,2025-10-07T02:48:32.540+0000,2025-10-07T12:57:53.892+0000,Arabinda Mishra,,
GNOC-9757,"DNA --Advance notice, Information, CT059524 , maintenance in mobile network","Caution: This email originated outside of Semtech. TICKET ID: CT059524 CHANGE ID: DNACHG0014513 STATUS: Update / Täydennys PRIORITY: Information TRAFICOM CLASS: Ei tarvetta BREAK START TIME: 03.11.2025 22:00 EET / 03.11.2025 20:00 UTC BREAK END TIME: 04.11.2025 04:00 EET / 04.11.2025 02:00 UTC TICKET CREATED: 23.09.2025 14:57 TICKET CREATOR: DNA Verkonhallintakeskus, Puh. 03 8212773 OPERATION TEAM: DNA Verkonhallintakeskus DETAILS: 07.10.2025 13:29: Päivitys/Update Huollon ajankohta on muuttunut. Pahoittelemme siirrosta mahdollisesti aiheutuvaa haittaa. The maintenance schedule has changed. We apologize for any inconvenience this may cause. /// Matkaviestinverkon huoltotyö aiheuttaa toiminnallisuuden heikkenemistä matkaviestinverkon (puhe ja datayhteydet) palveluissa. Pahoittelemme huollosta mahdollisesti aiheutuvaa haittaa. DNA will perform maintenance in mobile network. Occasional disturbances may occur during the maintenance. We are sorry for any inconvenience caused by this activity. Alueet / Areas: Helsinki, Vantaa Postinumerot/ Postal codes: 00750 01300 01350 01370 01380 This is an automatic email from https://efecteitsm.dna.fi",Awaiting implementation,P4-Low,Change,2025-10-07T11:36:25.471+0000,2025-10-07T11:39:46.877+0000,Arabinda Mishra,DNA,
